inspection_id,make,model,registration_year,variant
in791020221022130319,Hyundai,Elantra,2012,Hyundai Elantra CRDI 1.6 (1582CC) diesel
in323020220607035248,Hyundai,Santa Fe,2011,Hyundai Santa Fe 4 WD (2199CC) diesel
in441920221103073141,Hyundai,Santro Xing,2014,Hyundai Santro Xing Erlx XO (1086CC) petrol
in432320221020040023,Hyundai,Venue,2019,Hyundai Venue 1.0 SX Plus Turbo GDI DCT (998CC) petrol
in186020221020033643,Hyundai,i20,2019,Hyundai i20 Magna (1197CC) petrol
in894420221020044608,Hyundai,Grand i10,2018,Hyundai Grand i10 Sportz (1197CC) petrol
in425920221022063706,Hyundai,Verna,2020,Hyundai Verna 1.5 VTVT SX (1497CC) petrol
in992420221020025023,Hyundai,Creta,2021,Hyundai Creta VTVT SX (1591CC) petrol
in297020221020031227,Hyundai,i10,2016,Hyundai i10 1.2L KAPPA SPORTZ GLS AT (1197CC) petrol
in199420221020032530,Hyundai,i10,2012,Hyundai i10 Sportz (1197CC) petrol
in872920221020041820,Hyundai,Eon,2015,Hyundai Eon Magna (814CC) petrol
in133220221020042943,Hyundai,Grand i10 Nios,2020,Hyundai Grand i10 Nios AMT Sportz (1197CC) petrol
in672520221020043246,Hyundai,i20,2015,Hyundai i20 Asta (1197CC) petrol
in883520221020043456,Hyundai,Venue,2021,Hyundai Venue 1.2 S (1197CC) petrol
in732620221020044743,Hyundai,i20,2016,Hyundai i20 Asta 1.4 CRDI (1396CC) diesel
in882920220711053619,Hyundai,Santro (2019),NA,Hyundai Santro XL (1086CC) petrol
in843620221020050747,Hyundai,Creta,2022,Hyundai Creta 1.5 E Petrol (1497CC) petrol
in500220221020051435,Hyundai,i20,2018,Hyundai i20 Elite 1.2 Magna Kappa Dual Vtvt 5-Speed Manual Petrol (1197 Cc) (1197CC) petrol
in149820221020051751,Hyundai,Creta,2021,Hyundai Creta SX (O) 1.5 (1493CC) diesel
in678420221020052519,Hyundai,i20,2019,Hyundai i20 Sportz (1197CC) petrol
in514520221020053157,Hyundai,Verna,2014,Hyundai Verna CRDI SX (1493CC) diesel
in247520221020061803,Hyundai,Venue,2021,Hyundai Venue 1.2 S Plus (1197CC) petrol
in795020221020062151,Hyundai,Eon,2015,Hyundai Eon Magna Plus (998CC) petrol
in957220221020062534,Hyundai,i10,2012,Hyundai i10 Sportz AT (1197CC) petrol
in887420221020062620,Hyundai,Grand i10,2017,Hyundai Grand i10 Era (1197CC) petrol
in435120221020062749,Hyundai,i10,2016,Hyundai i10 Magna (1086CC) petrol
in607020221020073938,Hyundai,Elite i20,2017,Hyundai Elite i20 Sportz (1197CC) petrol
in293720221020081912,Hyundai,Santa Fe,2014,Hyundai Santa Fe 2WD AT (2199CC) diesel
in627320221020082243,Hyundai,Verna,2019,Hyundai Verna CRDI (1493CC) diesel
in532920221020085614,Hyundai,Fluidic Verna,2012,Hyundai Fluidic Verna 1.6 CRDI SX (1582CC) diesel
in834020221020090038,Hyundai,Xcent,2016,Hyundai Xcent S Option (1120CC) diesel
in810420221020090153,Hyundai,Creta,2017,Hyundai Creta CRDI S (1396CC) diesel
in889220221020090728,Hyundai,Xcent,2014,Hyundai Xcent S (1197CC) petrol
in286920221020092528,Hyundai,Verna,2016,Hyundai Verna 1.6 VTVT SX Plus AT (1591CC) petrol
in988320221020094034,Hyundai,Sonata,2013,Hyundai Sonata GDI AT (2359CC) petrol
in238920221020094709,Hyundai,Verna,2017,Hyundai Verna 1.6 VTVT S AT (1591CC) petrol
in882720221020102308,Hyundai,Verna,2014,Hyundai Verna 1.6 SX CRDI (1599CC) diesel
in486220221020104259,Hyundai,Grand i10 Nios,2020,Hyundai Grand i10 Nios Magna (1197CC) petrol
in114420221020110001,Hyundai,Creta,2017,Hyundai Creta SX 1.6 CRDI (1582CC) diesel
in513220221020111050,Hyundai,Creta,2016,Hyundai Creta CRDI SX Plus (1582CC) diesel
in928020221020111751,Hyundai,New Elite i20,2019,Hyundai New Elite i20 Sportz 1.2 CVT (1197CC) petrol
in418820221020115742,Hyundai,Aura,2021,Hyundai Aura 1.2 S AMT Petrol (1197CC) petrol
in177820221020132828,Hyundai,Xcent,2016,Hyundai Xcent Base (1120CC) diesel
in946320221020150130,Hyundai,Venue,NA,Hyundai Venue 1.5 SX(O) Executive (1493CC) diesel
in617320221021032427,Hyundai,Fluidic Verna,2012,Hyundai Fluidic Verna 1.6 VTVT EX (1591CC) petrol
in100720221021035513,Hyundai,Tucson,2017,Hyundai Tucson 2WD AT GLS Diesel (1995CC) diesel
in387720221021042257,Hyundai,Grand i10,2016,Hyundai Grand i10 Magna (1197CC) petrol
in227320221021050715,Hyundai,i20,2020,Hyundai i20 Magna 1.4 CRDI (1396CC) diesel
in671020221021051108,Hyundai,Venue,2020,Hyundai Venue 1.4 SX(O) CRDi (1396CC) diesel
in609920221021051417,Hyundai,Elantra,2014,Hyundai Elantra 1.8 S PETROL (1797CC) petrol
in528720221021052132,Hyundai,i20,2016,Hyundai i20 Magna (1396CC) diesel
in332220221021052536,Hyundai,i20,2013,Hyundai i20 Asta (1396CC) diesel
in984720220827073350,Hyundai,Santro (2019),NA,Hyundai Santro GLS (1086CC) internal_lpg_cng
in213820221021060136,Hyundai,i10,2015,Hyundai i10 Sportz (1086CC) petrol
in367920221021060351,Hyundai,i10,2017,Hyundai i10 1.1 SPORTZ GLS (1086CC) petrol
in857820221021064209,Hyundai,Creta,2020,Hyundai Creta CRDi E Plus (1396CC) diesel
in868020221021064520,Hyundai,i10,2012,Hyundai i10 Magna (1086CC) internal_lpg_cng
in777920221021064619,Hyundai,Creta,2016,Hyundai Creta 1.6 VTVT EX (1591CC) petrol
in708220221021065137,Hyundai,Creta,2016,Hyundai Creta VTVT SX Plus (1591CC) petrol
in136120221021072210,Hyundai,Verna,2019,Hyundai Verna 1.6 VTVT SX (1591CC) petrol
in521820221021074657,Hyundai,Verna,2008,Hyundai Verna VGT (1493CC) diesel
in377420221021083646,Hyundai,Grand i10,2018,Hyundai Grand i10 Magna AT 1.2 Kappa VTVT (1197CC) petrol
in134920221021083933,Hyundai,Xcent,2016,Hyundai Xcent Base T+CNG(N MET) (1197CC) internal_lpg_cng
in629020221021084330,Hyundai,Eon,2013,Hyundai Eon Era (814CC) petrol
in735420221021085226,Hyundai,i20,2018,Hyundai i20 1.2 ASTA O (1197CC) petrol
in391420221021085841,Hyundai,Grand i10,2015,Hyundai Grand i10 Asta (1197CC) petrol
in323820221021090735,Hyundai,Eon,2017,Hyundai Eon ERA PLUS O (814CC) petrol
in517520221021091330,Hyundai,Xcent,2015,Hyundai Xcent S (1120CC) diesel
in308120221021092331,Hyundai,Xcent,2014,Hyundai Xcent S CRDi (1186CC) diesel
in603220221021095736,Hyundai,i20,2016,Hyundai i20 Asta Option (1197CC) petrol
in806320221102115844,Hyundai,Santro,2021,Hyundai Santro GLS (999CC) petrol
in308820221021110926,Hyundai,Verna,2014,Hyundai Verna 1.6 VTVT (1591CC) petrol
in171520221021162256,Hyundai,Eon,2013,Hyundai Eon D-Lite (814CC) petrol
in131220221022034632,Hyundai,Grand i10,2016,Hyundai Grand i10 Sportz 1.1 CRDi (1120CC) diesel
in507820221022034748,Hyundai,Creta,2017,Hyundai Creta 1.6 Sx Plus At Petrol (1591 Cc) (1591CC) petrol
in797620221022040052,Hyundai,Verna,2017,Hyundai Verna Fluidic 1.6 VTVT SX (1591CC) petrol
in627620221022041536,Hyundai,i10,2011,Hyundai i10 Magna (1197CC) petrol
in998320221022041728,Hyundai,Grand i10,2016,Hyundai Grand i10 1.1 BASE (1120CC) diesel
in212020221022050324,Hyundai,Grand i10,2013,Hyundai Grand i10 Asta (1120CC) diesel
in841420221022050721,Hyundai,Grand i10,2014,Hyundai Grand i10 Asta 1.2 Bsiv (1197 Cc) (1197CC) petrol
in797720221022053325,Hyundai,Verna,2020,Hyundai Verna 1.6 CRDI SX (1582CC) diesel
in420820221022060458,Hyundai,Verna,2018,Hyundai Verna 1.6 VTVT SX (O) (1591CC) petrol
in397220221022062944,Hyundai,Tucson,2017,Hyundai Tucson 2.0 Dual VTVT 2WD AT GL (1999CC) petrol
in586620221022063203,Hyundai,i10,2015,Hyundai i10 1.1 SPORTZ GLS AT (1086CC) petrol
in425920221022063706,Hyundai,Verna,2020,Hyundai Verna 1.5 VTVT SX (1497CC) petrol
in941320221022065642,Hyundai,Accent,2011,Hyundai Accent Executive (1495CC) petrol
in746720221022074236,Hyundai,i10,2011,Hyundai i10 Era (1086CC) petrol
in774620221022084220,Hyundai,Verna,2013,Hyundai Verna VTVT 1.6 (1599CC) petrol
in850520221022091200,Hyundai,Verna,2012,Hyundai Verna 1.4 CRDI E (1396CC) diesel
in638220221022091745,Hyundai,Verna,2020,Hyundai Verna 1.5 VTVT SX IVT (1497CC) petrol
in580620221022092035,Hyundai,Creta,2016,Hyundai Creta CRDI SX Plus AT (1582CC) diesel
in543020221022103429,Hyundai,Grand i10,2017,Hyundai Grand i10 1.2 Sportz AT Kappa VTVT (1197CC) petrol
in622220221022110358,Hyundai,Creta,2022,Hyundai Creta SX IVT (1497CC) petrol
in409620221022111601,Hyundai,i20,2021,Hyundai i20 Sportz 1.2 BS-IV (1197CC) petrol
in901320221022113147,Hyundai,Xcent,2014,Hyundai Xcent SX CRDi (O) (1186CC) diesel
in358820221023053546,Hyundai,Xcent,2018,Hyundai Xcent Base ABS 1.1 CRDi (1120CC) diesel
in266520221023055003,Hyundai,Elite i20,2016,Hyundai Elite i20 Asta 1.2 (O) (1197CC) petrol
in265920221023055827,Hyundai,Grand i10,2016,Hyundai Grand i10 Asta AT (1197CC) petrol
in819520221023060857,Hyundai,Xcent,2016,Hyundai Xcent VTVT S (1197CC) petrol
in339420221023061511,Hyundai,Grand i10,2017,Hyundai Grand i10 Sports Optional 1.2 (1120CC) petrol
in223220221023091249,Hyundai,Grand i10 Nios,2020,Hyundai Grand i10 Nios Sportz (1197CC) petrol
in989120221023094004,Hyundai,Verna,2008,Hyundai Verna VGT Sx (1493CC) diesel
in820720221023110806,Hyundai,Grand i10,2018,Hyundai Grand i10 Magna AT (1197CC) petrol
in123520221023133231,Hyundai,Eon,2017,Hyundai Eon Era Plus (814CC) petrol
in992020221004081906,Hyundai,Santro,2021,Hyundai Santro Xing GL (1086CC) petrol
in663520221024051434,Hyundai,Elite i20,2017,Hyundai Elite i20 1.2 ASTA DUAL TONE (1197CC) petrol
in440320221024054511,Hyundai,Creta,2020,Hyundai Creta 1.4 E Plus (1396 Cc) (1396CC) diesel
in386520221024061004,Hyundai,i20,2017,Hyundai i20 ACTIVE 1.2 KAPPA VTVT (1197CC) petrol
in793620221024074246,Hyundai,Creta,2021,Hyundai Creta 1.6 E Petrol (1591 Cc) (1591CC) petrol
in191320221024074339,Hyundai,Xcent,2017,Hyundai Xcent VTVT PRIME T+ (1197CC) internal_lpg_cng
in759620221024081952,Hyundai,Grand i10,2016,Hyundai Grand i10 Magna 1.2 Kappa VTVT (1197CC) petrol
in121720221024091217,Hyundai,The Next Gen Verna,2018,Hyundai The Next Gen Verna SX (1591CC) petrol
in670720221024092131,Hyundai,Eon,2012,Hyundai Eon D-Lite Plus (814CC) petrol
in294620221024092324,Hyundai,Fluidic Verna,2016,Hyundai Fluidic Verna 1.4 VTVT (1396CC) petrol
in124320221024095932,Hyundai,Verna,2014,Hyundai Verna 1.6 CRDI ABS (1599CC) diesel
in970820221024100813,Hyundai,Creta,2016,Hyundai Creta CRDI SX (1582CC) diesel
in975520221024102023,Hyundai,Grand i10,2018,Hyundai Grand i10 Sportz 1.2 Kappa VTVT (1197CC) petrol
in589120221024105522,Hyundai,Fluidic Verna,2012,Hyundai Fluidic Verna 1.6 VTVT SX (1591CC) petrol
in551920221024110959,Hyundai,i10,2010,Hyundai i10 1.2 MAGNA GL (1197CC) petrol
in429220221025035146,Hyundai,Grand i10,2018,Hyundai Grand i10 Sportz AT (1197CC) petrol
in240920221025043255,Hyundai,Elantra,2016,Hyundai Elantra 2.0 SX O AT (1999CC) petrol
in512320221025050144,Hyundai,Elite i20,2017,Hyundai Elite i20 Magna (1197CC) petrol
in459720221025052604,Hyundai,i10,2008,Hyundai i10 Era 1.1 iRDE2 (1086CC) petrol
in920520221025054339,Hyundai,Elite i20,2015,Hyundai Elite i20 Asta (1396CC) diesel
in782320221025061259,Hyundai,Creta,2018,Hyundai Creta SX 1.6 AT CRDI (1582CC) diesel
in559020221025065318,Hyundai,I20 (2020),2022,Hyundai I20 (2020) 1.2 Asta(O) Kappa IVT (1197CC) petrol
in766920221025071655,Hyundai,Santa Fe,2015,Hyundai Santa Fe 2WD MT NEW (2199CC) diesel
in450820221025072204,Hyundai,i20,2012,Hyundai i20 Sportz (1396CC) diesel
in638620221025073505,Hyundai,Xcent,2014,Hyundai Xcent SX (1197CC) petrol
in516820221025074239,Hyundai,Fluidic Verna,2012,Hyundai Fluidic Verna 1.6 VTVT S Option AT (1591CC) petrol
in922420221025075724,Hyundai,Creta,2016,Hyundai Creta VTVT 1.6 SX AT (1591CC) petrol
in479120221030044621,Hyundai,Santro,2020,Hyundai Santro Sportz (1086CC) petrol
in449120221025085456,Hyundai,Venue,2021,Hyundai Venue 1.5 S (1493CC) diesel
in291620221025092906,Hyundai,Elantra,2018,Hyundai Elantra 2.0 S (1999CC) petrol
in605020221025095831,Hyundai,Eon,2016,Hyundai Eon MAGNA + BSIV (814CC) petrol
in492220221025081240,Hyundai,Santro,2019,Hyundai Santro GS (1086CC) petrol
in605520221025101410,Hyundai,i20,2011,Hyundai i20 Sportz (1197CC) diesel
in922720221025103732,Hyundai,Verna,2018,Hyundai Verna 1.6 CRDI SX (O) (1582CC) diesel
in470920221026042858,Hyundai,Venue,2019,Hyundai Venue 1.4 SX CRDi (1396CC) diesel
in673620221026052742,Hyundai,Verna,2011,Hyundai Verna CRDI E (1582CC) diesel
in605420221026061845,Hyundai,Eon,2014,Hyundai Eon Magna Plus (814CC) petrol
in886520221026063230,Hyundai,Eon,2015,Hyundai Eon ERA + S (814CC) petrol
in389220221026070252,Hyundai,i10,2011,Hyundai i10 Sportz 1.2 Kappa2 (O) (1197CC) petrol
in394420221026073300,Hyundai,Creta,2021,Hyundai Creta SX (O) 1.5 AT (1493CC) diesel
in885620221026081452,Hyundai,Creta,2019,Hyundai Creta 1.4 E (1396 Cc) (1396CC) diesel
in384920221026085359,Hyundai,Creta,2020,Hyundai Creta SX (O) 1.5 CVT (1497CC) petrol
in974720221026095446,Hyundai,i10,2012,Hyundai i10 Asta (1197CC) petrol
in453120221026100544,Hyundai,i20,2013,Hyundai i20 Sportz 1.4 CRDI (1396CC) diesel
in669720221026104507,Hyundai,Xcent,2015,Hyundai Xcent S Option MT (1197CC) petrol
in794120221026110638,Hyundai,Santro,2019,Hyundai Santro Base (1086CC) petrol
in641320221027050436,Hyundai,Venue,2022,Hyundai Venue 1.0 SX(O) iMT Petrol (2022) (998CC) petrol
in664020221027052319,Hyundai,Santro,2019,Hyundai Santro Magna CNG (1086CC) internal_lpg_cng
in322920221027053126,Hyundai,Aura,NA,Hyundai Aura 1.2 S Petrol (1197CC) petrol
in890020221027055112,Hyundai,Grand i10,2017,Hyundai Grand i10 Sportz 1.2 Kappa Dual Vtvt 5 Speed (1197 Cc) (1197CC) petrol
in308020220523073831,Hyundai,Santro,2019,Hyundai Santro GLS MET (1100CC) petrol
in357720220601122638,Hyundai,Santro,2019,Hyundai Santro Xing GL Plus (1086CC) petrol
in299420221027071206,Hyundai,Active i20,2015,Hyundai Active i20 S (1197CC) petrol
in831220221027074110,Hyundai,i20 N Line,2022,Hyundai i20 N Line N8 DCT (998CC) petrol
in626620221027074218,Hyundai,Grand i10,2017,Hyundai Grand i10 Asta AT 1.2 Kappa VTVT (O) (1197CC) petrol
in502220221027075229,Hyundai,Verna,2011,Hyundai Verna VGT CRDi ABS (1493CC) diesel
in397720220626085308,Hyundai,Santro,2019,Hyundai Santro Gls (1086 Cc) (1086CC) petrol
in859020221027090639,Hyundai,Creta,NA,Hyundai Creta EX 1.5 (1497CC) petrol
in717820221027094308,Hyundai,Grand i10,2015,Hyundai Grand i10 Magna 1.2 Kappa VTVT CNG (1197CC) internal_lpg_cng
in717620221027113642,Hyundai,Eon,2014,Hyundai Eon Magna Plus (814CC) internal_lpg_cng
in688120221027121546,Hyundai,Grand i10,2014,Hyundai Grand i10 Asta 1.1 CRDi (1120CC) diesel
in585620221027123601,Hyundai,Venue,NA,Hyundai Venue 1.2 S(O) Petrol (2022) (1197CC) petrol
in246820221027145726,Hyundai,Verna,2017,Hyundai Verna 1.6 CRDI SX (O) AT (1591CC) diesel
in394820221027151710,Hyundai,i20,2012,Hyundai i20 Era 1.4 CRDI (1396CC) diesel
in415220221027172814,Hyundai,Venue,2021,Hyundai Venue 1.5 SX (1493CC) diesel
in196720221027193103,Hyundai,Elite i20,2016,Hyundai Elite i20 Asta 1.4 CRDI (1396CC) diesel
in562620221031061139,Hyundai,Santro,2018,Hyundai Santro Sportz CNG (1086CC) internal_lpg_cng
in561320221028042559,Hyundai,i20,2015,Hyundai i20 Active 1.2 S (1197 Cc) (1197CC) petrol
in892120221028043017,Hyundai,Elite i20,2015,Hyundai Elite i20 Asta (1197CC) petrol
in272020221028043555,Hyundai,i20,2012,Hyundai i20 Asta AT (1396CC) petrol
in805820221028044002,Hyundai,i20,2016,Hyundai i20 Asta 1.4 CRDI 6 Speed (1396CC) diesel
in514520221028051157,Hyundai,Verna,2012,Hyundai Verna 1.6 CRDI (1599CC) diesel
in696720221028051816,Hyundai,i20,2017,Hyundai i20 Sportz Option (1396CC) diesel
in301820221028052235,Hyundai,Getz Prime,2009,Hyundai Getz Prime 1.1 GLE (1086CC) petrol
in688320221028053023,Hyundai,Verna,2015,Hyundai Verna Fluidic 1.4 VTVT CX (1396CC) petrol
in106320221028053813,Hyundai,Grand i10,2017,Hyundai Grand i10 Sportz 1.2 Kappa VTVT (1197CC) internal_lpg_cng
in218820221028065753,Hyundai,Elite i20,2016,Hyundai Elite i20 1.2 Asta(O) CVT (1197CC) petrol
in457020221028070123,Hyundai,Creta,2022,Hyundai Creta 1.5 SX Executive (1497CC) petrol
in520720221028071736,Hyundai,i10,2021,Hyundai i10 Sportz 1.2 Kappa2 (1197CC) petrol
in452120221028081030,Hyundai,Creta,2017,Hyundai Creta 1.6 Sx (O) (1582 Cc) (1582CC) diesel
in920420221028104232,Hyundai,Grand i10,2016,Hyundai Grand i10 Sportz (1120CC) diesel
in821120221028104747,Hyundai,Elite i20,NA,Hyundai Elite i20 Sportz Plus 1.2 (1197CC) petrol
in448220221028104822,Hyundai,Getz Prime,2008,Hyundai Getz Prime 1.1 GVS (1086CC) petrol
in354220221028111159,Hyundai,i10,2012,Hyundai i10 Magna 1.2 Kappa2 (1197CC) petrol
in488920221028131632,Hyundai,Creta,2021,Hyundai Creta 1.6 CRDi S (1582CC) diesel
in966620221029043439,Hyundai,Creta,2017,Hyundai Creta 1.6 Sx Plus-Petrol (1591 Cc) (1591CC) petrol
in549820221029053339,Hyundai,Grand i10,2018,Hyundai Grand i10 Sportz At 1.2 Kappa Dual Vtvt 5 Speed (1197 Cc) (1197CC) petrol
in647720221029093035,Hyundai,i10,2013,Hyundai i10 Sportz 1.2 AT Kappa2 (1197CC) petrol
in131120221029094620,Hyundai,Creta,2017,Hyundai Creta 1.6 E Plus Petrol (1591 Cc) (1591CC) petrol
in990920221029101855,Hyundai,Grand i10,2016,Hyundai Grand i10 Sportz (1120CC) internal_lpg_cng
in493220221029105741,Hyundai,Xcent,2018,Hyundai Xcent E Plus (1197CC) petrol
in229920221029111431,Hyundai,Grand i10,2016,Hyundai Grand i10 1.0 KAPPA (998CC) petrol
in606220221029114054,Hyundai,Xcent,2015,Hyundai Xcent SX 1.2 (O) (1197CC) petrol
in441920221103073141,Hyundai,Santro Xing,2014,Hyundai Santro Xing Erlx XO (1086CC) petrol
in574920221029140021,Hyundai,Alcazar,2022,Hyundai Alcazar 1.5 Platinum (1493CC) diesel
in213420221030040223,Hyundai,i10,2012,Hyundai i10 Era (1086CC) internal_lpg_cng
in350020221030041115,Hyundai,i20,2020,Hyundai i20 Era (1197CC) petrol
in921020220530043558,Hyundai,Santro Xing,2014,Hyundai Santro Sportz AMT (1086CC) petrol
in850720221030050818,Hyundai,Venue,NA,Hyundai Venue 1.5 S Plus (2022) (1493CC) diesel
in844120221030053107,Hyundai,Xcent,2018,Hyundai Xcent SX (1197CC) internal_lpg_cng
in126120221030062335,Hyundai,i20,2017,Hyundai i20 Active 1.4 Sx (1396 Cc) (1396CC) diesel
in908520221030071547,Hyundai,i20,2017,Hyundai i20 Elite Asta 1.2 (O) (1197 Cc) (1197CC) petrol
in500220221030084408,Hyundai,Elite i20,2019,Hyundai Elite i20 Asta 1.4 CRDI (O) (1396CC) diesel
in797120221030092016,Hyundai,Elantra,2013,Hyundai Elantra CRDI 1.6 SX (1582CC) diesel
in439720221030092125,Hyundai,Grand i10,2021,Hyundai Grand i10 1.2 KAPPA MT (1197CC) petrol
in852420221031023559,Hyundai,Creta,2020,Hyundai Creta 1.6 EX CRDi (1582CC) diesel
in989420221031030449,Hyundai,Xcent,2016,Hyundai Xcent S AT (1197CC) petrol
in545520221025100752,Hyundai,Santro,2013,Hyundai Santro Xing Gls Plus Audio (1086 Cc) (1086CC) petrol
in959420221031042937,Hyundai,Grand i10 Nios,2020,Hyundai Grand i10 Nios Sportz Dual Tone (1197CC) petrol
in597220221031050202,Hyundai,Elite i20,2014,Hyundai Elite i20 Sportz (1396CC) diesel
in794020221031051840,Hyundai,Grand i10,2014,Hyundai Grand i10 Asta 1.2 Kappa VTVT (O) (1197CC) petrol
in455920221031052020,Hyundai,I10 1.2 Kappa,2012,Hyundai I10 1.2 Kappa Magna (1197 Cc) (1197CC) petrol
in690020221031054408,Hyundai,i20,2016,Hyundai i20 Elite 1.2 Asta Kappa Dual Vtvt 5-Speed Manual Petrol (1197 Cc) (1197CC) petrol
in541420221031055614,Hyundai,Xcent,2016,Hyundai Xcent SX Option AT (1197CC) petrol
in295720221031060917,Hyundai,Verna,2020,Hyundai Verna SX (1599CC) petrol
in281520220617074321,Hyundai,Santro,2013,Hyundai Santro Magna (1086CC) petrol
in386820221031061702,Hyundai,Eon,2017,Hyundai Eon Sportz (814CC) petrol
in835020221031063016,Hyundai,Creta,2018,Hyundai Creta SX 1.6 Petrol (1591CC) petrol
in593220221031063251,Hyundai,Grand i10 Nios,NA,Hyundai Grand i10 Nios 1.2 MT Sportz (1197CC) internal_lpg_cng
in129820221031083254,Hyundai,i20,2015,Hyundai i20 Asta Option (1396CC) diesel
in819020221031090726,Hyundai,Elite i20,2014,Hyundai Elite i20 Sportz 1.4 (O) (1396CC) diesel
in309120221031110103,Hyundai,i10,2014,Hyundai i10 Magna 1.1 iRDE2 (1086CC) petrol
in390220221031123418,Hyundai,Eon,2015,Hyundai Eon D-Lite (814CC) internal_lpg_cng
in583120221031132903,Hyundai,Creta,2021,Hyundai Creta SX 1.5 (1493CC) diesel
in812320221031133924,Hyundai,Venue,2021,Hyundai Venue 1.0 SX (998CC) petrol
in192020221101051754,Hyundai,Verna,2018,Hyundai Verna 1.4 VTVT E (1396CC) petrol
in973320221101081423,Hyundai,I20 (2020),NA,Hyundai I20 (2020) 1.2 Sportz IVT (1197CC) petrol
in559420221101083845,Hyundai,Creta,2017,Hyundai Creta 1.6 VTVT E Plus (1591CC) petrol
in868820221101091929,Hyundai,i20,2019,Hyundai i20 Elite 1.2 Sportz Kappa Dual Vtvt 5-Speed Manual Petrol (1197 Cc) (1197CC) petrol
in578020221101095548,Hyundai,Elantra,2016,Hyundai Elantra 2.0 SX MT (1999CC) petrol
in853020221101102835,Hyundai,i20,2014,Hyundai i20 Era 1.2 BS-IV (1197CC) petrol
in103220221101111059,Hyundai,Verna,2008,Hyundai Verna 1.6 GLS (1599CC) petrol
in925120221102032244,Hyundai,Aura,2021,Hyundai Aura 1.2 SX Petrol (1197CC) petrol
in267720221102032959,Hyundai,i10,2013,Hyundai i10 1.2L KAPPA SPORTZ (1197CC) petrol
in194020221102041546,Hyundai,Creta,2022,Hyundai Creta 1.4 S Plus Turbo DCT (1353CC) petrol
in614520221102053403,Hyundai,Elite i20,2015,Hyundai Elite i20 Magna (1396CC) diesel
in730020221102071435,Hyundai,Grand i10,2016,Hyundai Grand i10 Magna 1.1 CRDi (1197CC) diesel
in770020221102083219,Hyundai,Creta,2018,Hyundai Creta SX 1.6 CRDI (O) (1582CC) diesel
in982720221102092208,Hyundai,Grand i10 Nios,2020,Hyundai Grand i10 Nios Asta (1197CC) petrol
in523520221102092730,Hyundai,Grand i10,2018,Hyundai Grand i10 Asta U2 1.2 CRDi (1186CC) diesel
in366220221102094744,Hyundai,Xcent,2014,Hyundai Xcent 1.2L Kappa Dual Vtvt 5-Speed Manual S (O) (1197 Cc) (1197CC) petrol
in679420221102113311,Hyundai,Creta,2015,Hyundai Creta S 1.6 AT CRDI (1582CC) diesel
in402320221012043147,Hyundai,Santro,2013,Hyundai Santro Era (1086CC) petrol
in916020221103031839,Hyundai,Grand i10,2017,Hyundai Grand i10 Prime ERA T (1120CC) diesel
in766820221103043633,Hyundai,i10,2010,Hyundai i10 Era Solid BS-1V (1100CC) petrol
in135120221103050508,Hyundai,Grand i10,2014,Hyundai Grand i10 Asta Option (1197CC) petrol
in316020221103072757,Hyundai,Creta,2021,Hyundai Creta 1.6 CRDI AT S PLUS (1582CC) diesel
in963820221021054441,Hyundai,Santro,2012,Hyundai Santro Xing GLS (1086CC) petrol
in711620221103082442,Hyundai,Verna,2013,Hyundai Verna 1.6 Sx Vtvt (1599 Cc) (1599CC) petrol
in854520221103083233,Hyundai,Creta,2020,Hyundai Creta SX 1.4 Turbo DCT (1353CC) petrol
in884320221103085019,Hyundai,Creta,2016,Hyundai Creta 1.4 S Plus (1396 Cc) (1396CC) diesel
in559420221103145753,Hyundai,I20 (2020),NA,Hyundai I20 (2020) 1.5 Asta(O) CRDi (1493CC) diesel
in694120221104091816,Hyundai,i20,2011,Hyundai i20 1.4 Dsl Magna (O) (1396 Cc) (1396CC) diesel
in496720221104095732,Hyundai,Grand i10 Nios,NA,Hyundai Grand i10 Nios 1.2 Sportz Kappa VTVT CNG (1197CC) internal_lpg_cng
in587220221104104247,Hyundai,Grand i10 Nios,2021,Hyundai Grand i10 Nios AMT Magna (1197CC) petrol
in767820221104120332,Hyundai,Xcent,2018,Hyundai Xcent E (1197CC) petrol
in870020221105025749,Hyundai,Venue,2021,Hyundai Venue 1.5 SX(O) (1493CC) diesel
in132220221105051606,Hyundai,I10 1.1,2009,Hyundai I10 1.1 Era (1086 Cc) (1086CC) petrol
in439120221105054841,Hyundai,Grand i10,2017,Hyundai Grand i10 Prime Sports (1120CC) diesel
in414220221105073713,Hyundai,i20,2015,Hyundai i20 Elite I20 Magna 1.4 At Vtvt (1396CC) petrol
in414620221105090235,Hyundai,Verna,2014,Hyundai Verna 1.4 VTVT EX (1396CC) petrol
in354520221105090332,Hyundai,Verna,2014,Hyundai Verna 1.4 CX VTVT (1396CC) petrol
in490720221106061511,Hyundai,Creta,2021,Hyundai Creta E 1.5 (1493CC) diesel
in810520221106064536,Hyundai,Grand i10,2016,Hyundai Grand i10 Magna (1120CC) diesel
in169120221106084540,Hyundai,Elite i20,2018,Hyundai Elite i20 Magna Executive 1.2 (1197CC) petrol
in872920221107032428,Hyundai,Creta,NA,Hyundai Creta S (1497CC) petrol
in882720221107034037,Hyundai,i20,2016,Hyundai i20 Magna Option (1197CC) petrol
in169020221107043753,Hyundai,Grand i10,2014,Hyundai Grand i10 Asta Option (1120CC) diesel
in682620221107043930,Hyundai,Aura,NA,Hyundai Aura 1.2 S CNG (1197CC) internal_lpg_cng
in349320221107072744,Hyundai,Fluidic Verna,2015,Hyundai Fluidic Verna 1.6 CRDI SX Option AT (1582CC) diesel
in894720221107091227,Hyundai,Venue,2019,Hyundai Venue 1.4 SX CRDi Dual Tone (1396CC) diesel
in330820221107121947,Hyundai,Creta,NA,Hyundai Creta SX Opt IVT (1497CC) petrol
in431120221107123812,Hyundai,i20,2015,Hyundai i20 Sportz Option (1197CC) petrol
in295820221108034131,Hyundai,Xcent,2015,Hyundai Xcent S (1197CC) internal_lpg_cng
in678820221108045051,Hyundai,Creta,2020,Hyundai Creta SX 1.5 (1497CC) petrol
in924920221028014302,Hyundai,Santro,2012,Hyundai Santro Xing GLS SOLID (1086CC) petrol
in433820221108071048,Hyundai,Grand i10 Nios,2022,Hyundai Grand i10 Nios 1.2 Magna Kappa VTVT Corporate (1197CC) petrol
in619620221108082345,Hyundai,Xcent,2014,Hyundai Xcent SX (1120CC) diesel
in109220221108082935,Hyundai,Xcent,2017,Hyundai Xcent SX CRDi (1186CC) diesel
in263620221108084022,Hyundai,i20,2018,Hyundai i20 Asta Option AT (1396CC) petrol
in930620220825101510,Hyundai,Santro,2012,Hyundai Santro Xo (1086 Cc) (1086CC) petrol
in384420221108092547,Hyundai,Grand i10 Nios,2017,Hyundai Grand i10 Nios Asta CRDi (1186CC) diesel
in178320221210064821,Hyundai,i20,2016,Hyundai i20 Asta 1.4 CRDI with AVN 6 Speed (1396CC) diesel
in734320221210102328,Hyundai,Verna,2016,Hyundai Verna 1.6 CRDI EX AT (1582CC) diesel
in787320221210115340,Hyundai,i20,2011,Hyundai i20 1.4L SPORTZ (1396CC) petrol
in979620221211040904,Hyundai,Venue,2019,Hyundai Venue 1.0 SX Turbo Kappa GDI (998CC) petrol
in814120221211041400,Hyundai,I20 (2020),NA,Hyundai I20 (2020) 1.2 Asta (1197CC) petrol
in316420221211062555,Hyundai,Fluidic Verna,2014,Hyundai Fluidic Verna 1.6 VTVT S (1591CC) petrol
in228220221211073255,Hyundai,i20,2017,Hyundai i20 Elite 1.2 Sportz (O) Kappa Dual Vtvt 5-Speed Manual Petrol (1197 Cc) (1197CC) petrol
in226520221211081907,Hyundai,Xcent,2016,Hyundai Xcent Base (1197CC) petrol
in577520221211084727,Hyundai,i10,2013,Hyundai i10 Sportz (1086CC) internal_lpg_cng
in177620221211100504,Hyundai,i10,2012,Hyundai i10 Magna (1197CC) internal_lpg_cng
in381820221211104901,Hyundai,Verna,2012,Hyundai Verna 1.6 VTVT SX(O) AT Anniversry Edition (1591CC) petrol
in924020221212050900,Hyundai,Accent,2009,Hyundai Accent 1.5 GLE (1493CC) diesel
in569720221212051658,Hyundai,Active i20,2015,Hyundai Active i20 SX (1197CC) petrol
in421520221212063523,Hyundai,Alcazar,NA,Hyundai Alcazar 1.5 Signature(O) AT 7STR (1493CC) diesel
in453220221212073243,Hyundai,Venue,NA,Hyundai Venue 1.0 S(O) IMT (998CC) petrol
in905820221212084603,Hyundai,Venue,NA,Hyundai Venue 1.2 S Petrol (2022) (1197CC) petrol
in169320221212101348,Hyundai,Active i20,2016,Hyundai Active i20 S (1396CC) diesel
in910320221212101545,Hyundai,i20,2015,Hyundai i20 Active 1.2 Base (1197 Cc) (1197CC) petrol
in932520221212104208,Hyundai,Creta,2022,Hyundai Creta 1.5 SX(O) iVT Petrol Knight (1497CC) petrol
in922720221212104426,Hyundai,Elite i20,NA,Hyundai Elite i20 Magna Plus 1.2 (1197CC) petrol
in565420221212113601,Hyundai,Aura,NA,Hyundai Aura SX CNG (1197CC) internal_lpg_cng
in940020221213040016,Hyundai,i10,2021,Hyundai i10 Asta 1.2 Kappa2 (1197CC) petrol
in678020221213052012,Hyundai,Creta,2021,Hyundai Creta SX (O) 1.4 Turbo DCT (1353CC) petrol
in736120221213052140,Hyundai,I20 (2020),2022,Hyundai I20 (2020) 1.5 Sportz CRDi (1493CC) diesel
in997820221213054626,Hyundai,Grand i10 Nios,2020,Hyundai Grand i10 Nios Magna CRDi (1186CC) diesel
in748820221213055849,Hyundai,Venue,NA,Hyundai Venue 1.2 SX Petrol (2022) (1197CC) petrol
in195920221213060249,Hyundai,Verna,2021,Hyundai Verna 1.0 Turbo SX(O) DCT (998CC) petrol
in671020221021110311,Hyundai,Santro,2011,Hyundai Santro XING ERLX (1086CC) petrol
in345020221213071135,Hyundai,I20 (2020),2022,Hyundai I20 (2020) 1.2 Sportz (1197CC) petrol
in353720221213081059,Hyundai,Elite i20,2017,Hyundai Elite i20 Magna Executive 1.4 CRDI (1396CC) diesel
in694020221213084854,Hyundai,Getz,2009,Hyundai Getz GVS 1.1 (1086CC) petrol
in276420221213104256,Hyundai,Active i20,2015,Hyundai Active i20 SX (1396CC) diesel
in498220221213132834,Hyundai,Elantra,2018,Hyundai Elantra CRDI 1.6 SX AT (1582CC) diesel
in657420221214051355,Hyundai,Creta,2017,Hyundai Creta 1.6 SX (O) Executive (1591CC) petrol
in135120221214053733,Hyundai,Venue,NA,Hyundai Venue 1.0 S(O) (998CC) petrol
in584320221214083555,Hyundai,Creta,2016,Hyundai Creta 1.6 Sx Plus-Diesel (1582 Cc) (1582CC) diesel
in343820221214090247,Hyundai,Getz,2008,Hyundai Getz GVS (1341CC) petrol
in440520221214094903,Hyundai,Creta,2016,Hyundai Creta VTVT SX Plus AT (1591CC) petrol
in250720221214110948,Hyundai,Creta,2019,Hyundai Creta SX 1.6 AT Perol (1591CC) petrol
in892120221214121104,Hyundai,Xcent,2014,Hyundai Xcent SX Option (1120CC) diesel
in391220221214122724,Hyundai,Tucson,2019,Hyundai Tucson 2.0 e-VGT 2WD AT GL (1995CC) diesel
in841020221215034236,Hyundai,i10,2008,Hyundai i10 Magna Option (1086CC) petrol
in206820221215050902,Hyundai,Verna,2018,Hyundai Verna 1.6 CRDI SX Plus AT (1582CC) diesel
in799220221215052145,Hyundai,Grand i10 Nios,2022,Hyundai Grand i10 Nios 1.2 Asta AMT (1197CC) petrol
in828220221215104126,Hyundai,Eon,2013,Hyundai Eon Era + SE (814CC) petrol
in907020221215115547,Hyundai,Eon,2015,Hyundai Eon Magna + SE (814CC) petrol
in391920221215115803,Hyundai,Verna,2015,Hyundai Verna 1.6 CRDI EX (1582CC) diesel
in131720221215124513,Hyundai,i10,2011,Hyundai i10 1.1L iRDE Magna Special Edition (1086CC) petrol
in790920221216051747,Hyundai,i20,2017,Hyundai i20 Elite 1.4 Sportz U2 Crdi 6-Speed Manual Diesel (1396 Cc) (1396CC) diesel
in344420221216070454,Hyundai,Grand i10,2017,Hyundai Grand i10 Sportz U2 1.2 CRDI Dual Tone (1186CC) diesel
in912920221216104517,Hyundai,I20 ACTIVE,2015,Hyundai I20 ACTIVE 1.4 (1396CC) diesel
in133020221217025913,Hyundai,Eon,2013,Hyundai Eon D-Lite + AirBag (814CC) petrol
in461020221217030100,Hyundai,Venue,2022,Hyundai Venue 1.5 SX (2022) (1493CC) diesel
in788520221217050335,Hyundai,Creta,2015,Hyundai Creta CRDI SX Option (1582CC) diesel
in903120221217060219,Hyundai,i20,2014,Hyundai i20 Asta 1.4 AVN (1396CC) diesel
in699320221217072317,Hyundai,Accent,2007,Hyundai Accent GLE (1495CC) petrol
in799720221217094118,Hyundai,Fluidic Verna,2016,Hyundai Fluidic Verna 1.6 VTVT SX AT (1591CC) petrol
in398120221217105332,Hyundai,Alcazar,2021,Hyundai Alcazar 1.5 Signature (1493CC) diesel
in984420221217130334,Hyundai,Grand i10,2018,Hyundai Grand i10 Prime ERA T Plus (1120CC) diesel
in339920221218082752,Hyundai,Fluidic Verna,2014,Hyundai Fluidic Verna 1.4 Base (1396CC) petrol
in269720221218094935,Hyundai,Grand i10,2019,Hyundai Grand i10 Asta 1.2 Kappa VTVT (1197CC) petrol
in422320221218102034,Hyundai,I10 1.2 Kappa,2013,Hyundai I10 1.2 Kappa Sportz Option (1197 Cc) (1197CC) petrol
in340520221219045219,Hyundai,Grand i10 Nios,NA,Hyundai Grand i10 Nios Magna (1197CC) internal_lpg_cng
in268620221219090102,Hyundai,Venue,NA,Hyundai Venue 1.0 SX(O) DCT Petrol (2022) (998CC) petrol
in623920221219101119,Hyundai,Elite i20,2014,Hyundai Elite i20 Sportz Option (1197CC) petrol
in477520221219113429,Hyundai,I10 1.2 Kappa,2011,Hyundai I10 1.2 Kappa Gls Sportz Auto Trans (1197 Cc) (1197CC) petrol
in595520221027064028,Hyundai,Santro Xing,2011,Hyundai Santro 1.1 GL (1086CC) petrol
in316620220520061416,Hyundai,i20,2014,Hyundai i20 Sportz 1.4 CRDI 6 Speed BS-IV (1396CC) diesel
in502120220520062944,Hyundai,i20,2020,Hyundai i20 1.2L ASTA O WITH SUNROOF (1197CC) petrol
in603520220520070455,Hyundai,i20,2020,Hyundai i20 1.2 SPORTZ ALLOY (1197CC) petrol
in507220220520091245,Hyundai,Grand i10,2017,Hyundai Grand i10 Sports Edition 1.2L Kappa VTVT (1197CC) petrol
in107620220520095326,Hyundai,Elantra,2014,Hyundai Elantra 1.8 SX AT (1797CC) petrol
in744920220520101103,Hyundai,Xcent,2016,Hyundai Xcent SX Option MT (1197CC) petrol
in699620220520131624,Hyundai,Grand i10 Nios,2020,Hyundai Grand i10 Nios 1.2 Asta Kappa AT VTVT (1197CC) petrol
in333520220521093230,Hyundai,Xcent,2016,Hyundai Xcent S 1.1 CRDi Special Edition (1120CC) diesel
in662220220521100015,Hyundai,Verna,2021,Hyundai Verna 1.5 VTVT SX(O) IVT (1497CC) petrol
in817920220522080953,Hyundai,I20 (2020),NA,Hyundai I20 (2020) 1.0 Asta(O) Turbo GDI DCT (998CC) petrol
in852420220522081648,Hyundai,Creta,2016,Hyundai Creta 1.6 CRDi Base (1582CC) diesel
in280920220523041158,Hyundai,Creta,2017,Hyundai Creta SX 1.6 Dual Tone Petrol (1591CC) petrol
in921320220523045239,Hyundai,Grand i10,2017,Hyundai Grand i10 Sports Optional 1.2 (1120CC) diesel
in167020220523051638,Hyundai,i10,2011,Hyundai i10 Sportz Option (1197CC) petrol
in641920220523054233,Hyundai,Verna,2020,Hyundai Verna 1.5 CRDi SX (1493CC) diesel
in856220220523065131,Hyundai,Elantra,2012,Hyundai Elantra CRDI (1991CC) diesel
in952820220523071404,Hyundai,Alcazar,2021,Hyundai Alcazar 2.0 Signature(O) (1999CC) petrol
in779920221031032306,Hyundai,Santro Xing,2011,Hyundai Santro 1.1 GS (1086CC) internal_lpg_cng
in716320220523092348,Hyundai,Accent,2013,Hyundai Accent GLE (1495CC) internal_lpg_cng
in263620220523102141,Hyundai,Verna,2011,Hyundai Verna Crdi Sx_Abs (1493 Cc) (1493CC) diesel
in477120220523110210,Hyundai,Verna,2018,Hyundai Verna 1.4 VTVT EX (1368CC) petrol
in651420220524035255,Hyundai,Grand i10,2016,Hyundai Grand i10 Asta 1.1 CRDi (O) (1120CC) diesel
in248520220524042112,Hyundai,Creta,2018,Hyundai Creta 1.4 S (1396 Cc) (1396CC) diesel
in755520220524045241,Hyundai,i20 N Line,2022,Hyundai i20 N Line N8 Dual Tone (998CC) petrol
in829320220524054432,Hyundai,Aura,2021,Hyundai Aura 1.2 SX+ AMT Petrol (1197CC) petrol
in585620221024044247,Hyundai,Santro Xing,2010,Hyundai Santro Xing GL (1086CC) internal_lpg_cng
in882320220524071110,Hyundai,Accent,2011,Hyundai Accent 1.5 GLS (1495CC) petrol
in217720220524074642,Hyundai,Fluidic Verna,2017,Hyundai Fluidic Verna 1.6 CRDI SX Option (1582CC) diesel
in888620220524080330,Hyundai,i10,2014,Hyundai i10 1.1 ASTA GLS (1086CC) petrol
in589020220524110548,Hyundai,Xcent,2014,Hyundai Xcent S Option AT (1197CC) petrol
in236620220525103031,Hyundai,Verna,2017,Hyundai Verna SX Option AT (1599CC) petrol
in162220220526082834,Hyundai,i10,2014,Hyundai i10 Sportz 1.1 iRDE2 (1086CC) petrol
in852420220526091945,Hyundai,Eon,2017,Hyundai Eon 1.0 Kappa Magna + (998 Cc) (998CC) petrol
in638420220526093927,Hyundai,i20,2014,Hyundai i20 Elite 1.4 Sportz (O) U2 Crdi 6-Speed Manual Diesel (1396 Cc) (1396CC) diesel
in157320220526105042,Hyundai,Xcent,2017,Hyundai Xcent Base T (1197CC) petrol
in751320220526123843,Hyundai,Creta,2022,Hyundai Creta EX 1.5 (1493CC) diesel
in956620221219131939,Hyundai,Santro,2010,Hyundai Santro LS (1086CC) petrol
in958320220527084146,Hyundai,Verna,2013,Hyundai Verna VGT SX AT (1493CC) diesel
in723320220527101110,Hyundai,i20,2019,Hyundai i20 Sportz AT (1396CC) petrol
in872220220527101815,Hyundai,i20,2013,Hyundai i20 Era (1396CC) diesel
in575820220527113812,Hyundai,Creta,2016,Hyundai Creta 1.6 Sx Diesel (1582 Cc) (1582CC) diesel
in477120220528033851,Hyundai,Verna,2007,Hyundai Verna XI (1599CC) petrol
in496820220528062826,Hyundai,Neo Fluidic Elantra,2013,Hyundai Neo Fluidic Elantra 1.8 SX AT (1797CC) petrol
in406520220528074846,Hyundai,Grand i10,2015,Hyundai Grand i10 Magna 1.1 Pe (1120 Cc) (1120CC) petrol
in810220220528080059,Hyundai,Fluidic Verna,2014,Hyundai Fluidic Verna 1.6 VTVT (1591CC) petrol
in588120220529030659,Hyundai,I10 1.2 Kappa,2010,Hyundai I10 1.2 Kappa Gls Sportz (1197 Cc) (1197CC) petrol
in247220220709044347,Hyundai,Santro,2010,Hyundai Santro Xing GLS (1086CC) internal_lpg_cng
in500720220530112056,Hyundai,Santa Fe,2016,Hyundai Santa Fe 4WD AT (2199CC) diesel
in539420220531070007,Hyundai,i10,2009,Hyundai i10 1.2 L Kappa Magna Special Edition (1197CC) petrol
in963520220531073321,Hyundai,Verna,2014,Hyundai Verna 1.6 Vtvt Sx Auto (1599 Cc) (1599CC) petrol
in957520220531110223,Hyundai,Creta,2016,Hyundai Creta 1.6 SX (1582CC) diesel
in658020220531121921,Hyundai,Verna,2011,Hyundai Verna Fluidic 1.6 CRDi SX Opt (1582CC) diesel
in628620220601040000,Hyundai,Grand i10,2016,Hyundai Grand i10 Sports Edition (1197CC) petrol
in388320220601061852,Hyundai,Verna,2013,Hyundai Verna 1.5 VTVT S (1497CC) petrol
in838720220601075806,Hyundai,The Next Gen Verna,2019,Hyundai The Next Gen Verna SX Option (1582CC) diesel
in379320220601100013,Hyundai,Elite i20,2017,Hyundai Elite i20 Asta Optional (1197CC) petrol
in685620220601101124,Hyundai,Creta,2016,Hyundai Creta VTVT S (1591CC) petrol
in549220220601101309,Hyundai,i10,2010,Hyundai i10 Magna AT (1197CC) petrol
in728020221007054935,Hyundai,Santro,2010,Hyundai Santro Magna AMT (1086CC) petrol
in418720220602044634,Hyundai,Verna,2015,Hyundai Verna 1.6 CRDI S AT (1582CC) diesel
in357920220602071340,Hyundai,Aura,2020,Hyundai Aura 1.2 SX(O) Petrol (1197CC) petrol
in880020220602072537,Hyundai,Verna,2011,Hyundai Verna Fluidic 1.4 VTVT (1396CC) petrol
in368520220602100900,Hyundai,I20 (2020),2021,Hyundai I20 (2020) 1.2 Asta IVT (1197CC) petrol
in334020220603041621,Hyundai,Eon,2013,Hyundai Eon Era (814CC) internal_lpg_cng
in342520221027081257,Hyundai,Santro,2009,Hyundai Santro AT (999CC) petrol
in869220220603070315,Hyundai,Tucson,2018,Hyundai Tucson 4WD AT GLS Diesel (1995CC) diesel
in728320220603130104,Hyundai,Verna,2013,Hyundai Verna 1.5 CRDi SX(O) AT (1493CC) diesel
in367720220604043801,Hyundai,Eon,2011,Hyundai Eon D-Lite Option (814CC) petrol
in313620220604045617,Hyundai,Tucson,2017,Hyundai Tucson CRDi (1991CC) diesel
in681820220604063747,Hyundai,Verna,2012,Hyundai Verna 1.4 VTVT (1396CC) petrol
in450720220605070039,Hyundai,Venue,2020,Hyundai Venue 1.4 E Crdi (1396CC) diesel
in535120220606080847,Hyundai,i20 N Line,2022,Hyundai i20 N Line N6 (998CC) petrol
in736620221108054048,Hyundai,Santro Xing,2009,Hyundai Santro Xing XP (1086CC) petrol
in330720220606090709,Hyundai,Creta,2015,Hyundai Creta CRDI S Plus (1396CC) diesel
in351520220606090829,Hyundai,Venue,NA,Hyundai Venue 1.0 SX iMT (998CC) petrol
in647220220606093732,Hyundai,I20 ACTIVE,2016,Hyundai I20 ACTIVE 1.2 (1197CC) petrol
in784920220607053306,Hyundai,i20,2016,Hyundai i20 Elite 1.4 Asta U2 Crdi 6-Speed Manual Diesel (1396 Cc) (1396CC) diesel
in270020220524062905,Hyundai,Santro Xing,2009,Hyundai Santro Xing Erlx XL (1086CC) petrol
in537220220607102758,Hyundai,Xcent,2017,Hyundai Xcent E Plus (1186CC) diesel
in949120220607104629,Hyundai,i10,2008,Hyundai i10 Asta 1.2 AT Kappa2 with Sunroof (1197CC) petrol
in630720220603053156,Hyundai,Santro,2009,Hyundai Santro Xing XO (1086CC) petrol
in563020220609062257,Hyundai,I20 ACTIVE,2016,Hyundai I20 ACTIVE 1.2 SX Dual Tone (1197CC) petrol
in841520220609072315,Hyundai,Venue,2020,Hyundai Venue 1.0 S (998CC) petrol
in174020220609115312,Hyundai,Creta,2017,Hyundai Creta 1.6 Sx Plus At (1582 Cc) (1582CC) diesel
in722620220610035117,Hyundai,Grand i10 Nios,2020,Hyundai Grand i10 Nios Era (1197CC) petrol
in961920220611155207,Hyundai,Santro Xing,2009,Hyundai Santro Xing XL AT EIII (1086CC) petrol
in349620220610045425,Hyundai,Venue,2020,Hyundai Venue 1.0 SX(O) (998CC) petrol
in516320220610093343,Hyundai,Grand i10,2014,Hyundai Grand i10 Sport 1.2 Kappa VTVT Dual Tone (1197CC) petrol
in963220220611050740,Hyundai,i20,2012,Hyundai i20 Magna Option (1396CC) diesel
in116920221027061845,Hyundai,Santro,2008,Hyundai Santro Xing Non-AC (1086CC) petrol
in512020220612045505,Hyundai,I10 1.1,2011,Hyundai I10 1.1 Era I Tech Special Edition (1086 Cc) (1086CC) petrol
in200220220612060300,Hyundai,Elantra,2012,Hyundai Elantra 1.6 SX MT (1582CC) diesel
in837820220613051609,Hyundai,Elite i20,2019,Hyundai Elite i20 Asta 1.2 (O) CVT (1197CC) petrol
in155920220613062306,Hyundai,Creta,2016,Hyundai Creta CRDI L (1396CC) diesel
in356820220613063207,Hyundai,i10,2012,Hyundai i10 Asta 1.2 AT with Sunroof (1197CC) petrol
in340720220613093333,Hyundai,Eon,2012,Hyundai Eon Era Plus (814CC) internal_lpg_cng
in511920220614054425,Hyundai,Accent,2008,Hyundai Accent 1.3 GLE (1300CC) petrol
in740420220614060853,Hyundai,Elantra,2016,Hyundai Elantra 2.0 SX AT (1999CC) petrol
in168220220614063419,Hyundai,Elite i20,2012,Hyundai Elite i20 Asta 1.2 AT (1197CC) petrol
in894120220614090341,Hyundai,Verna,2007,Hyundai Verna VGT CRDi SX ABS (1493CC) diesel
in405620220614091716,Hyundai,I20 (2020),2022,Hyundai I20 (2020) 1.2 Asta(O) (1197CC) petrol
in762620220616043823,Hyundai,Accent,2012,Hyundai Accent Executive (1495CC) internal_lpg_cng
in874320220616061144,Hyundai,Venue,2020,Hyundai Venue 1.2 E (1197CC) petrol
in476820221213064226,Hyundai,Santro,2008,Hyundai Santro DX (999CC) petrol
in402020220616124523,Hyundai,Grand i10,2017,Hyundai Grand i10 Sportz (O) U2 1.2 Crdi (1186 Cc) (1197CC) diesel
in761620220616153728,Hyundai,Creta,2018,Hyundai Creta 1.6 Sx (O) (1591 Cc) (1591CC) petrol
in536420220617025728,Hyundai,i10,2016,Hyundai i10 Asta AT (1197CC) petrol
in304120220617070210,Hyundai,Accent,2006,Hyundai Accent GLX (1495CC) petrol
in925520220527034305,Hyundai,Santro,2008,Hyundai Santro Zip Plus GS (1086CC) petrol
in854220220617122837,Hyundai,Venue,2019,Hyundai Venue 1.4 S Crdi (1396CC) diesel
in881620220618035118,Hyundai,I20 ACTIVE,2016,Hyundai I20 ACTIVE 1.4 SX (1396CC) diesel
in161720220618081055,Hyundai,Eon,2017,Hyundai Eon Era + AirBag (814CC) petrol
in768020220618081333,Hyundai,New Grand i10,2013,Hyundai New Grand i10 Era DSL T (S) (1186CC) diesel
in396420220618112325,Hyundai,Xcent,2016,Hyundai Xcent Base (1197CC) internal_lpg_cng
in806320220619052337,Hyundai,Grand i10,2016,Hyundai Grand i10 Era 1.2 Kappa VTVT (1197CC) petrol
in969620220619114830,Hyundai,i20,2018,Hyundai i20 1.4 Asta (O) Diesel With Sunroof (1396 Cc) (1396CC) diesel
in750320220620053749,Hyundai,Verna,2019,Hyundai Verna 1.4 CRDI EX (1396CC) diesel
in177020220629045632,Hyundai,Santro,2008,Hyundai Santro Xing XL (1086CC) petrol
in838120220620083437,Hyundai,Verna,2013,Hyundai Verna 1.6 VTVT EX AT (1599CC) petrol
in810820220621050430,Hyundai,Fluidic Verna,2014,Hyundai Fluidic Verna 1.6 CRDI (1582CC) diesel
in366120220621104147,Hyundai,Creta,2022,Hyundai Creta 1.5 S Plus Petrol Knight (1497CC) petrol
in667920221020044848,Hyundai,Santro,2007,Hyundai Santro AT (1086CC) petrol
in621020220622042442,Hyundai,i20,2019,Hyundai i20 Elite 1.2 Era Kappa Dual Vtvt 5-Speed Manual Petrol (1197 Cc) (1197CC) petrol
in577620220622095327,Hyundai,Elantra,2016,Hyundai Elantra SX AT (1797CC) petrol
in554920220622121051,Hyundai,Eon,2012,Hyundai Eon Magna Option (814CC) petrol
in718720220623045351,Hyundai,I20 (2020),2020,Hyundai I20 (2020) 1.0 Asta Turbo GDI DCT (998CC) petrol
in664720220623052833,Hyundai,Fluidic Verna,2015,Hyundai Fluidic Verna 1.6 CRDI S (1582CC) diesel
in785520220624065911,Hyundai,i10,2011,Hyundai i10 1.2L KAPPA ASTA GLS AT (1197CC) petrol
in846020220624071511,Hyundai,I10 1.2 Kappa,2008,Hyundai I10 1.2 Kappa Magna I Tech Special Edition (1197 Cc) (1197CC) petrol
in167020220624130737,Hyundai,Venue,2021,Hyundai Venue 1.0 SX (O) Sport iMT (998CC) petrol
in730320220625060227,Hyundai,Fluidic Verna,2019,Hyundai Fluidic Verna 1.4 CRDI EX (1396CC) diesel
in295820220626065017,Hyundai,Xcent,2015,Hyundai Xcent S ABS 1.2 (1197CC) petrol
in841020220626084639,Hyundai,Verna,2012,Hyundai Verna 1.6 VTVT EX (1591CC) petrol
in941020220606090341,Hyundai,Santro Xing,2007,Hyundai Santro Asta (1086CC) petrol
in613120220627075542,Hyundai,Elantra Fluidic,2015,Hyundai Elantra Fluidic SX (1797CC) petrol
in980320220627132949,Hyundai,Grand i10,2015,Hyundai Grand i10 Sports Edition 1.1 CRDi (1120CC) diesel
in579920220628031305,Hyundai,Fluidic Verna,2013,Hyundai Fluidic Verna 1.4 CRDI (1396CC) diesel
in940220220628055904,Hyundai,Grand i10,2018,Hyundai Grand i10 Magna U2 1.2 Crdi (1186 Cc) (1186CC) diesel
in196020220628071139,Hyundai,Elite i20,2015,Hyundai Elite i20 Sportz Option (1396CC) diesel
in349420220629033225,Hyundai,Grand i10,2019,Hyundai Grand i10 Prime ERA T VTVT (1197CC) internal_lpg_cng
in112120220607083258,Hyundai,Santro Xing,2007,Hyundai Santro GLX (999CC) petrol
in901320220630111522,Hyundai,Creta,2020,Hyundai Creta SX 1.5 CVT (1497CC) petrol
in203220220630114743,Hyundai,Getz Prime,2009,Hyundai Getz Prime 1.5 GVS (1493CC) diesel
in909520220701120820,Hyundai,Kona Electric,2019,Hyundai Kona Electric Premium (100kWh) electric
in758320220702072641,Hyundai,i10,2016,Hyundai i10 Sportz (1196CC) internal_lpg_cng
in216520220702075143,Hyundai,i20,2014,Hyundai i20 Sportz 1.4 CRDI 6 Speed (O) (1396CC) diesel
in818620220704050012,Hyundai,i20,2018,Hyundai i20 Magna 1.4 CRDI 6 Speed (1396CC) diesel
in445920220705044729,Hyundai,The Next Gen Verna,2017,Hyundai The Next Gen Verna SX Option AT (1591CC) petrol
in662620220705072802,Hyundai,Fluidic Verna,2016,Hyundai Fluidic Verna 1.6 CRDI S Option (1582CC) diesel
in991920220705085840,Hyundai,i20,2017,Hyundai i20 ASTA WITH AVN (1197CC) petrol
in471320220705091436,Hyundai,Grand i10,2017,Hyundai Grand i10 Prime 1.2 (1197 Cc) (1197CC) petrol
in746320220706085337,Hyundai,Verna,2018,Hyundai Verna 1.6 SX Plus AT (1582CC) diesel
in697620220707041826,Hyundai,Verna,2010,Hyundai Verna 1.5 Sx Crdi Vgt At (1493 Cc) (1493CC) diesel
in711620220707081921,Hyundai,Elite i20,2016,Hyundai Elite i20 Sportz 1.4 CRDI [2016-2017] (1396CC) diesel
in542420220708112213,Hyundai,Fluidic Verna,2012,Hyundai Fluidic Verna 1.6 VTVT SX Option (1591CC) petrol
in111120220610041932,Hyundai,Santro Xing,2007,Hyundai Santro LP (999CC) petrol
in680520220709061206,Hyundai,i10,2011,Hyundai i10 1.2L KAPPA SPORTZ GLS (1197CC) petrol
in314320220711040201,Hyundai,Santa Fe,2013,Hyundai Santa Fe MT (2199CC) diesel
in617520220711044429,Hyundai,Eon,2013,Hyundai Eon Magna (814CC) internal_lpg_cng
in609720220616113432,Hyundai,Santro,2007,Hyundai Santro (2019) Sportz CNG (1086CC) internal_lpg_cng
in904820220620073019,Hyundai,Santro Xing,2007,Hyundai Santro Xing XE (1086CC) petrol
in591220220711113430,Hyundai,i20 N Line,2022,Hyundai i20 N Line N8 DCT Dual Tone (998CC) petrol
in270420220712043557,Hyundai,Elite i20,NA,Hyundai Elite i20 Sportz Plus 1.2 CVT (1197CC) petrol
in715020220713070402,Hyundai,Verna,2011,Hyundai Verna 1.5 CRDi SX(O) (1493CC) diesel
in101320220713093003,Hyundai,Creta,2018,Hyundai Creta SX 1.6 CRDI Dual Tone (1582CC) diesel
in552520220717042548,Hyundai,I20 (2020),2021,Hyundai I20 (2020) 1.0 Sportz Turbo GDI iMT (998CC) petrol
in943520220717073928,Hyundai,i20,2017,Hyundai i20 ACTIVE 1.4 SX O (1396CC) diesel
in209520220719102503,Hyundai,Creta,2019,Hyundai Creta 1.4 Base (1396 Cc) (1396CC) diesel
in336020220720043854,Hyundai,Elite i20,NA,Hyundai Elite i20 Sportz Plus 1.4 CRDi (1396CC) diesel
in181320220720103305,Hyundai,Sonata,2014,Hyundai Sonata GDI MT (2359CC) petrol
in932720220721054825,Hyundai,Elite i20,2017,Hyundai Elite i20 1.4 ASTA DUAL TONE (1396CC) diesel
in380520220724065846,Hyundai,Alcazar,2022,Hyundai Alcazar 1.5 Platinum(O) (1493CC) diesel
in655320220724081042,Hyundai,Creta,2017,Hyundai Creta S AT (1591CC) petrol
in554320220726041801,Hyundai,Creta,2022,Hyundai Creta 1.5 SX(O) AT Diesel Knight (1493CC) diesel
in325320220726044951,Hyundai,Elantra,2014,Hyundai Elantra 1.6 SX (O) AT (1582CC) diesel
in230620220727034314,Hyundai,i20 N Line,2022,Hyundai i20 N Line N8 (998CC) petrol
in657520220728085404,Hyundai,Grand i10,2019,Hyundai Grand i10 Magna (1197CC) internal_lpg_cng
in321420220729055204,Hyundai,Getz,2008,Hyundai Getz GLS (1341CC) petrol
in966320220731075858,Hyundai,Creta,2016,Hyundai Creta 1.6 S (1591 Cc) (1591CC) petrol
in438020220801064001,Hyundai,Xcent,2015,Hyundai Xcent Base T+CNG(MET) (1197CC) internal_lpg_cng
in220520220621110219,Hyundai,Santro,2007,Hyundai Santro Xing XM (1086CC) petrol
in898920220802083205,Hyundai,Elantra,2015,Hyundai Elantra 1.6 SX AT (1582CC) diesel
in833820220803055504,Hyundai,Creta,2017,Hyundai Creta 1.6 Base (1591 Cc) (1591CC) petrol
in206420220803080006,Hyundai,Creta,2021,Hyundai Creta SX 1.5 AT (1493CC) diesel
in203720220803083545,Hyundai,Creta,2021,Hyundai Creta 1.6 SX (O) Executive (1582CC) diesel
in372120220803115220,Hyundai,Elite i20,2016,Hyundai Elite i20 Asta Optional (1396CC) diesel
in434220220803115249,Hyundai,Alcazar,2022,Hyundai Alcazar 1.5 Signature(O) (1493CC) diesel
in497520220804090616,Hyundai,Elantra,2016,Hyundai Elantra 1.6 SX (O) (1582CC) diesel
in944120220711085035,Hyundai,Santro Xing,2007,Hyundai Santro Xing NON A/C (1086CC) petrol
in545420220802042736,Hyundai,Santro Xing,2007,Hyundai Santro Xing XO ABS (1086CC) petrol
in889920220805102017,Hyundai,Creta,2017,Hyundai Creta Ex (1396CC) diesel
in984220220805104604,Hyundai,Creta,2021,Hyundai Creta 1.5 SX Executive (1493CC) diesel
in277320220806092321,Hyundai,Accent,2007,Hyundai Accent CRDI (1493CC) diesel
in633320220808053207,Hyundai,Fluidic Verna,2015,Hyundai Fluidic Verna 1.6 VTVT S Option (1591CC) petrol
in700620220810061219,Hyundai,Grand i10 Nios,NA,Hyundai Grand i10 Nios 1.2 Magna AT Kappa VTVT Corporate (1197CC) petrol
in535120220810104149,Hyundai,The Next Gen Verna,2018,Hyundai The Next Gen Verna SX Plus AT (1582CC) diesel
in864120220811040225,Hyundai,Fluidic Verna,2014,Hyundai Fluidic Verna 1.6 CRDI EX (1582CC) diesel
in992620220811073830,Hyundai,Verna,2008,Hyundai Verna Transform SX VGT (1493CC) diesel
in515420220812082131,Hyundai,Verna,2011,Hyundai Verna I (1599CC) petrol
in452220220813103214,Hyundai,Verna,2008,Hyundai Verna 1.5 Crdi Vgt (1493 Cc) (1493CC) diesel
in621720220815051059,Hyundai,Eon,2016,Hyundai Eon Era + LPG Airbag (814CC) internal_lpg_cng
in199420220816044926,Hyundai,i10,2011,Hyundai i10 1.2 ASTA O (1197CC) petrol
in892920220817144336,Hyundai,i20,2017,Hyundai i20 Magna AT (1368CC) petrol
in999520220818123847,Hyundai,Alcazar,2022,Hyundai Alcazar 2.0 Prestige (1999CC) petrol
in459320220820065033,Hyundai,Alcazar,2022,Hyundai Alcazar 2.0 Platinum (1999CC) petrol
in480920220824045644,Hyundai,Creta,2017,Hyundai Creta SX Plus 1.6 CRDI Dual Tone (1582CC) diesel
in666520220824081101,Hyundai,Xcent,2016,Hyundai Xcent 1.1 U2 (1120CC) diesel
in722520220825054036,Hyundai,Verna,2008,Hyundai Verna XXI (1599CC) petrol
in593520220825070223,Hyundai,The Next Gen Verna,2018,Hyundai The Next Gen Verna E (1582CC) diesel
in203320220804092259,Hyundai,Santro Xing,2007,Hyundai Santro LE (999CC) petrol
in410020220826052545,Hyundai,Elantra,2008,Hyundai Elantra GLS (1795CC) petrol
in351020220826120918,Hyundai,Grand i10,2014,Hyundai Grand i10 1.2 CRDI SPORTZ (1186CC) diesel
in128220220804093509,Hyundai,Santro Xing,2007,Hyundai Santro (2019) Sportz AMT (1086CC) petrol
in779620220829160622,Hyundai,Creta,2016,Hyundai Creta Anniversary Edition (1582CC) diesel
in371120220830072428,Hyundai,Creta,2021,Hyundai Creta S 1.5 (1493CC) diesel
in845020220831035840,Hyundai,Grand i10,2019,Hyundai Grand i10 1.2 CRDi Magna (1186CC) diesel
in867220220831065852,Hyundai,i10,2013,Hyundai i10 D-Lite (1086CC) petrol
in771020220901070553,Hyundai,Creta,2019,Hyundai Creta 1.6 Sx At (1591 Cc) (1591CC) petrol
in207920220901090146,Hyundai,Grand i10,2013,Hyundai Grand i10 Magna 1.0 Kappa VTVT LPG (998CC) internal_lpg_cng
in681320220906055851,Hyundai,Elantra,2017,Hyundai Elantra SX Option (1999CC) petrol
in561820220906101057,Hyundai,Creta,2021,Hyundai Creta 1.4 EX CRDi (1396CC) petrol
in359020220907042701,Hyundai,i10,2009,Hyundai i10 D-Lite 1.1 iRDE2 (1086CC) petrol
in977020220907054449,Hyundai,Verna,2021,Hyundai Verna 1.5 VTVT SX(O) (1497CC) petrol
in195120220907064301,Hyundai,Eon,2017,Hyundai Eon Magna Plus Option (998CC) petrol
in687120220907071105,Hyundai,Verna,2017,Hyundai Verna SX Option (1599CC) diesel
in372520220910041310,Hyundai,i20,2016,Hyundai i20 Elite 1.4 Magna U2 Crdi 6-Speed Manual Diesel (1396 Cc) (1396CC) diesel
in599520220910110622,Hyundai,Xcent,2016,Hyundai Xcent Base ABS 1.2 (1197CC) petrol
in406220220912111819,Hyundai,Elantra,2013,Hyundai Elantra GT (1795CC) petrol
in401220220915104518,Hyundai,i20,2021,Hyundai i20 Asta 1.2 with AVN (1197CC) petrol
in291820220918093025,Hyundai,Verna,2015,Hyundai Verna 1.5 CRDi SX AT (1493CC) diesel
in745520220918121450,Hyundai,Elite i20,2014,Hyundai Elite i20 Asta 1.4 CRDI Dual Tone (1396CC) diesel
in772220220919101209,Hyundai,Elantra,2013,Hyundai Elantra CRDI 1.6 S (1582CC) diesel
in825920220920043029,Hyundai,Grand i10,2016,Hyundai Grand i10 Sportz 1.1 U2 Crdi 2Nd Gen 5 Speed (1120 Cc) (1120CC) diesel
in264420220920054435,Hyundai,i20,2009,Hyundai i20 1.4 Asta Dsl With Avn (1396 Cc) (1396CC) diesel
in118620220920111654,Hyundai,I20 (2020),NA,Hyundai I20 (2020) 1.2 Magna (1197CC) petrol
in606020220922062939,Hyundai,The Next Gen Verna,2018,Hyundai The Next Gen Verna SX Option (1591CC) petrol
in457220220922083722,Hyundai,Fluidic Verna,2017,Hyundai Fluidic Verna 1.4 CX (1396CC) petrol
in554320220922095414,Hyundai,Aura,2020,Hyundai Aura 1.2 S CRDi (1186CC) diesel
in900320220928044236,Hyundai,Xcent,2019,Hyundai Xcent CRDi Prime T+ (1197CC) diesel
in977520220928105110,Hyundai,i20,2012,Hyundai i20 Magna (O) 1.4 CRDI (1336CC) diesel
in921320220929054806,Hyundai,Grand i10,2018,Hyundai Grand i10 Sportz U2 1.2 CRDi (1186CC) diesel
in790920221029130804,Hyundai,Santro Xing,2006,Hyundai Santro Xing XK (1086CC) petrol
in320820221004043621,Hyundai,i20,2018,Hyundai i20 Asta 1.4 AT AVN (1396CC) diesel
in241720221108090125,Hyundai,Santro,2006,Hyundai Santro Sportz Executive CNG (1086CC) internal_lpg_cng
in146620221006065041,Hyundai,Grand i10,2014,Hyundai Grand i10 Asta AT 1.2 Kappa VTVT (1197CC) petrol
in850420220608062101,Hyundai,Santro Xing,2006,Hyundai Santro GLS MET (1100CC) internal_lpg_cng
in250120221007080511,Hyundai,Verna,2022,Hyundai Verna 1.6  VTVT SX(O) Anniversry Edition (1591CC) petrol
in885420221002090316,Hyundai,Santro Xing,2006,Hyundai Santro EII AT (1100CC) petrol
in535420221012095708,Hyundai,Alcazar,2022,Hyundai Alcazar 2.0 Platinum(O) AT 7STR (1999CC) petrol
in645920221013074852,Hyundai,Grand i10,2016,Hyundai Grand i10 Era (1120CC) diesel
in823520221015084818,Hyundai,Accent,2006,Hyundai Accent Viva (1493CC) diesel
in395420221016103304,Hyundai,Venue,2020,Hyundai Venue 1.0 S AT (998CC) petrol
in444420221018072107,Hyundai,Creta,2017,Hyundai Creta 1.6 SX Plus Special Edition (1582CC) diesel
in681420221019060553,Hyundai,Elantra,2017,Hyundai Elantra 1.6 Base (1582CC) diesel
